feature,importance_model,importance_permutation
BMI,,0.14078586400613394
BPMeds,,0.011374426824331273
age,,0.024380483085735292
cigsPerDay,,-0.0003619141080383859
diaBP,,0.010283580583308043
heartRate,,0.0
is_smoking,,0.07278869899998021
prevalentHyp,,0.0001185500700047859
prevalentStroke,,0.02141684733372534
sex,,0.0
sysBP,,0.0
totChol,,0.0030027271156025065
